name	pool	seq	size	%gc	tm (use 65)
rvfv-S-400_1_LEFT	1	ACACAAAGACCCCCTAGTGCTT	22	50.00	61.75
rvfv-S-400_1_RIGHT	1	AGGTCAAAGAAAGCCAGTGAGG	22	50.00	60.67
rvfv-S-400_2_LEFT	2	AGTGATTTCACAAGGTTCCCCA	22	45.45	60.01
rvfv-S-400_2_RIGHT	2	TCATGCTAGGAAGTGATGAGCG	22	50.00	60.40
rvfv-S-400_3_LEFT	1	AGGACATTTCTAATGCTGTAGTTCCA	26	38.46	60.74
rvfv-S-400_3_RIGHT	1	TGAATGCAGCAGTGAATAGCAAC	23	43.48	60.37
rvfv-S-400_4_LEFT	2	GCTGACGGCTTCCCATTAGAAT	22	50.00	60.93
rvfv-S-400_4_RIGHT	2	TCCCGGGATGAGTTGACTCTAT	22	50.00	60.28
rvfv-S-400_5_LEFT	1	AGTGACAGGAAGCCACTCACT	21	52.38	61.14
rvfv-S-400_5_RIGHT	1	AGCTCCCTAGAGATACAAACACTATT	26	38.46	59.61
